Section,Total_Electors,SLP,SLP_Perc,UWP,UWP_Perc,INDEP,INDEP_Perc,Rejected,Rej_Perc,Votes_Cast,VC_Perc,Not_Cast,VNC_Perc
A-C,399,84,38.18%,123,55.91%,2,0.91%,11,5.00%,220,55.14%,179,44.86%
D-E,334,119,40.07%,167,56.23%,0,0.00%,11,3.70%,297,88.92%,37,11.08%
F-G,414,104,43.51%,113,47.28%,1,0.42%,21,8.79%,239,57.73%,175,42.27%
H-K,375,79,35.43%,134,60.09%,0,0.00%,10,4.48%,223,59.47%,152,40.53%
L-O,311,53,29.94%,109,61.58%,0,0.00%,15,8.47%,177,56.91%,134,43.09%
P-R,379,110,51.16%,96,44.65%,1,0.47%,8,3.72%,215,56.73%,164,43.27%
S-Z,413,81,37.67%,120,55.81%,0,0.00%,14,6.51%,215,52.06%,198,47.94%
Sub,2625,630,39.72%,862,54.35%,4,0.25%,90,5.67%,1586,60.42%,1039,39.58%
Police,59,,,,,,,,,,,,
